<?xml version="1.0" encoding="UTF-8" ?>
<!DOCTYPE mapper
      PUBLIC "-//mybatis.org//DTD Mapper 3.0//EN"
   "http://mybatis.org/dtd/mybatis-3-mapper.dtd">

<mapper namespace="mapper.board">
	<!----> 
	<resultMap id="boardResult" type="BoardVO">
		<result property="commentId" column="comment_id" />
        <result property="parentId" column="parent_id" />
        <result property="writer" column="writer" />
        <result property="password" column="password" />
        <result property="content" column="content" />
        <result property="createDate" column="create_date" />
        <result property="attachData" column="attach_data" />
        <result property="like" column="like" />
        <result property="dislike" column="dislike" />
	</resultMap>  

	<select id="selectBoardList" resultMap="boardResult" resultType="java.util.ArrayList">
      <![CDATA[
         select * from comment_table order by create_date desc	 	
      ]]>
	</select>
	<select id="findBoard" resultMap="boardResult"  resultType="boardVO"  parameterType="java.lang.Integer" >
      <![CDATA[
         select * from comment_table
         where
         comment_id=#{commentId}
      ]]>
  </select>	
 
	 <insert id="insertBoard" parameterType="boardVO">
		<![CDATA[
		 insert into comment_table(comment_id, parent_id, writer, password, content, create_date, attach_data) 
		 values(#{commentId}, #{parentId}, #{writer}, #{password}, #{content}, #{createDate}, #{attachData})
		]]>      
	</insert>
	
	<update id="updateBoard"  parameterType="boardVO">
     <![CDATA[
	     update comment_table
	     set content=#{content}, writer=#{writer}
	     where
	     comment_id=#{commentId}
      ]]>      
   </update> 
   <update id="updateLike"  parameterType="boardVO">
     <![CDATA[
	     update comment_table
	     set like = like + 1
	     where
	     comment_id=#{commentId}
      ]]>      
   </update> 
   <update id="updateDislike"  parameterType="boardVO">
     <![CDATA[
	     update comment_table
	     set dislike = dislike + 1
	     where
	     comment_id=#{commentId}
      ]]>      
   </update> 
   <delete id="deleteBoard"  parameterType="java.lang.Integer">
	<![CDATA[
	   delete from comment_table
	   where
	   comment_id=#{commentId}
	]]>      
  </delete>
  <select id="selectCurrentPageData" resultMap="boardResult" resultType="BoardVO" parameterType="map"> <!-- parameterType에 java.util.HashMap아님 그냥 map -->
		<![CDATA[
			select * from comment_table
			limit #{start}, #{range}
		]]>
	</select> 
	<select id="selectListSize" resultType="java.lang.Integer">
		<![CDATA[
			select count(*) from comment_table
		]]>
	</select>
 </mapper>