<?xml version="1.0" encoding="UTF-8"?>
<!DOCTYPE mapper PUBLIC "-//mybatis.org/DTD Config 3.0//EN"
	"http://mybatis.org/dtd/mybatis-3-mapper.dtd">
<mapper namespace="mapper.comment">
	<resultMap id="commentMap" type="commentVO">
		<id property="no" column="no"></id>	
		<result property="title" column="title"/>
		<result property="contents" column="contents"/>
		<result property="writer" column="writer"/>
		<result property="views" column="views"/>
		<result property="cTime" column="ctime"/>
	</resultMap>
	
	<select id="insertComment" parameterType="commentVO">
		<![CDATA[
			insert into guest_comments values (#{no},#{title},#{contents},#{writer},0,now())
		]]>
	</select>
	<select id="selectCommentsAll" resultMap="commentMap" resultType="commentVO">
		<![CDATA[
			select * from guest_comments
		]]>
	</select>
	<select id="deleteComment" parameterType="java.lang.Integer">
		<![CDATA[
			delete from guest_comments where no = #{no}
		]]>
	</select>
</mapper>