<?xml version="1.0" encoding="UTF-8" ?>
<!DOCTYPE mapper
      PUBLIC "-//mybatis.org//DTD Mapper 3.0//EN"
   "http://mybatis.org/dtd/mybatis-3-mapper.dtd">

<mapper namespace="mapper.book">

	<resultMap id="bookMap" type="bookCopyVO">
		<id property="bookSeq" column="book_seq"/>
		<result property="isbn" column="book_isbn"/>
		<result property="title" column="book_title"/>
		<result property="author" column="book_author"/>
		<result property="publishDate" column="book_published_date"/>
		<result property="bookPosition" column="book_position"/>
		<result property="bookStaus" column="book_status"/>
		<result property="bookImage" column="book_image"/>
	</resultMap>
	
	<select id="selectAllBook" resultMap="bookMap" resultType="bookCopyVO">
      <![CDATA[
        select a.*, b.* from book_info a inner join book_copy b on a.book_isbn=b.book_isbn order by b.book_seq desc
      ]]>
	</select>

</mapper>







