<?xml version="1.0" encoding="UTF-8" ?>
<!DOCTYPE mapper
      PUBLIC "-//mybatis.org//DTD Mapper 3.0//EN"
   "http://mybatis.org/dtd/mybatis-3-mapper.dtd">

<mapper namespace="mapper.user"> 
	<!----> 
	<resultMap id="userResult" type="User">
        <result property="userId" column="user_id" />
        <result property="pwd" column="user_pass" />
        <result property="phone" column="user_phone_number" />
	</resultMap>  
	
	<select id="selectIdForValidate" resultMap="userResult" resultType="user" parameterType="user">
      <![CDATA[
         select * from book_user where user_id = #{userId} and user_pass = #{pwd} 	
      ]]>
	</select>
	<select id="selectUserAll" resultMap="userResult" >
		<![CDATA[
			select * from book_user
		]]>
	</select>
	<insert id="insertUser" parameterType="user">
		<![CDATA[
		 insert into book_user(user_id, user_pass) 
		 values(#{userId}, #{pwd})
		]]>      
	</insert>
 </mapper>
 
 
						 	